image_id,load_pct
img_00b135ede40393ac4459,99.994402
img_024af7d284b5259e46db,97.241025
img_031cb4706aa99c2c29d7,99.752984
img_037814d0bd90cdd3f519,60.245212
img_03bed56db6bd8389fdce,76.452066
img_04385169354be79e7122,14.509336
img_04c2f14a79df14d0a0d8,10.063280
img_05a3bf0b269db86a5ad6,5.609900
img_061bc6606624bbace682,15.339674
img_07f208b92285b85dbfe4,5.762960
img_07fbbafd7b399ba1de04,84.721590
img_08b3700c9d73bc01b0c2,8.153010
img_0c4b46fcb30004194966,10.612720
img_0eac616abdd6982e5dc2,52.202939
img_1003f6dc5ea1e11901be,75.709462
img_12477faeb3d6754638ff,65.857029
img_127759f0b51a657d896b,11.344743
img_12acea6e1daca0a877c3,67.899872
img_14382cb31a3d53d614bb,97.351959
img_14f6a8b7fed8af8855d0,9.752940
img_15769b93af752aab3aa5,29.533530
img_16607fba3c7cd303d55a,92.566940
img_16fb8cb3af66baf6dc4b,4.557983
img_16fb9fc5fe48b5eb5b25,99.860799
img_1794fd6bf42843bfd22a,99.983781
img_17c1cac55c9dfe8b2806,99.606119
img_19226664eb48b56cef5d,8.047893
img_19e0c62691f69df04d67,5.344398
img_1ba06bb974bc6f0af77f,80.636050
img_1c4d609f298f31bed528,49.997665
img_1cf23de53fd946ede8da,4.112483
img_1dceaabda9cf0f9504c0,20.258495
img_1ec74d11b08180330528,7.057977
img_212f5580f377f0767e41,59.453759
img_2180ad436f769eb4e41e,12.819207
img_235a8ff371f740ab4b7b,15.992244
img_2378aec79bdc6ed8eeec,77.546755
img_23f2797eefa6dcb477a9,11.025436
img_24fa80fe1473adb91b03,20.922093
img_25141409023285bdea5d,99.992993
img_26664101026f4356191e,5.778722
img_269583698f1f677397d3,99.978436
img_26b5e57463d013b1809c,91.671776
img_2738d96ddc43be934f15,99.988059
img_284be005ecb35dcca6fa,48.900820
img_29155a74e7121c26a400,73.723257
img_2a6572a15e94dc948772,25.593597
img_2b2a743a4c92f80ee9ce,24.614261
img_2b8d532dbcd3286f6be9,25.825987
img_2ba08cff551be90676db,88.239175
img_2c06f5c593dcba950362,99.996168
img_2c62aa579bacc9b3a911,29.973579
img_2cbff5f8d0661c4e78d0,53.344830
img_2d8af8f81da1b3067e60,77.822710
img_2ed853dccc1b5e90e324,87.200231
img_2f5533dc000f4cd97438,70.651973
img_30b9c335620c349ab96a,13.381610
img_344302ae4e71f2dafaed,16.836738
img_349c3e78a5be12428099,85.145604
img_35bd533f4cd64056f4a1,2.480881
img_362da92f01e4c5409032,13.793154
img_3688351aae19ea0a7771,50.058461
img_371995e941be0ed7b50d,99.956673
img_3719e41fb5bec6ab0177,16.937954
img_372929ed4e0e2fea534a,7.008473
img_389d064115b6cbd432fc,5.024610
img_38b25a2dc6c432d802a8,10.707276
img_3abe7dc5fcf07682da5a,45.993612
img_3b9d80499516fe1c5331,79.010158
img_3c50ca3a06a99047128d,88.552305
img_3cc98756fe4e801d5808,99.965898
img_3db561070b3f81c34cae,6.273886
img_3f14744da44221aef43a,21.603445
img_3fd99e083c4674c39bdd,4.247267
img_40f5680bc6d64e2f2a33,79.862506
img_40fc96acc9b8f3d3c42d,47.090493
img_412394f7a5c8ace8632f,71.766818
img_41e26ace1a261ecacf63,99.953991
img_4426396c7bb565734931,11.737789
img_442f294dbb76859de4a3,99.992901
img_4498329119c98da10d83,93.713423
img_44e972591f834a101c05,86.197677
img_453b3441e3a7e86e246b,97.554347
img_454e86f0dda2d4cce8f7,38.046149
img_47816b5bf14a099bb653,90.210792
img_4904941c2800053b37a6,94.285311
img_497baafc8d80e2a33228,78.702023
img_4b202cf45ddfb7d9f987,79.487739
img_4b8b4e8e63d851d58fc1,24.688681
img_4b9f063c657e8ce31046,4.106822
img_4ce40795bb6c37e74174,99.957843
img_4cee46c2eb74dec3db77,32.637701
img_4ecc7a2fd490225f0ec3,10.220222
img_4fbd71913bfaf18e5c0e,82.101837
img_507bb4e960c4e8032b1b,4.344060
img_51fcdeaa6f8e2d159c31,85.872791
img_539d22e5edcf0dc85239,8.025675
img_564a37f87dd39fd463e6,8.708691
img_564d73e642bba5e08819,71.180196
img_5715dd816d73b79493be,99.146482
img_57ee954165c41627aa18,85.479900
img_59830c3da057da034ed0,61.152911
img_59e0dcaae010dabe9443,99.994399
img_59f7262f650337f0e616,99.207749
img_5a23eb06440e97411032,78.887377
img_5a79c7985f893c95bdd9,89.994882
img_5ab625d3268243025251,56.741876
img_5b58ed9e292f06f8dd22,77.518626
img_5bb18c509b7e74aa1c12,99.999420
img_5cfe6a295075f34b6dea,90.888772
img_5f4741146f3fc041beb1,97.615612
img_5fa15fc35c8ce1a313f1,10.771853
img_612edc69ba03439e7340,99.972602
img_62569106fbcf0bf99108,23.881585
img_628d604416b476f70f65,32.181287
img_635b4ddf5c68df9c12f4,67.094044
img_640a66a03dcf5f6d2574,83.995999
img_6566f9a912b8b9da6bf1,99.680937
img_656f8db64dade9f8ca39,94.305017
img_65c94024ac6d1e9b53fa,12.460730
img_67224819c18506bdab20,89.998482
img_6777abb7b2494bb32cdb,20.224875
img_698e0e4c4aac222218d9,36.293040
img_69ff68ad41fb79d8f401,11.296080
img_6ada5d7a41c18055b2b0,99.946792
img_6b346c73e799b8b431f4,93.568513
img_6c0d2388c99a28619e45,49.888630
img_6c4feff53bc714c16ab8,24.271697
img_6cc9265a3231444f3e38,19.687493
img_6ccd281cb432abe64853,99.989210
img_6dde243cbd4317af4326,40.004770
img_7006529cea9a913efa52,46.309430
img_703cb1705778a138dedc,11.011333
img_709ff9b2567cde03c4c5,18.961764
img_7204071077a16c1a1fd7,91.454451
img_727590e3cffbb22bf0cf,11.908515
img_738ebdd0ef98b704d2ad,17.587530
img_76527702f81bbb8be812,19.133467
img_76782791573aa29be9bf,98.335582
img_768cf8b01fce466c1988,12.546717
img_7724d8002a682547f51d,81.576979
img_78080e2c6cc40a9c4f64,31.958123
img_785f94db2b8ee28c1dcf,99.936557
img_787b18f9db4dac63937f,35.927128
img_795d3e6d5c31729f2287,71.286352
img_7a572bef5145fd286218,99.937999
img_7a95905b48addcfd50af,79.983886
img_7c3bcdbcd8bf49fe82c9,15.182703
img_7d5ccc43602177442320,91.132855
img_7d74d094156ca1201e12,99.897102
img_7ec1f5ef47c1547512c5,89.126174
img_812ba4d3aa5d47d8e851,75.180400
img_813f36d3c2733fc961cd,58.250546
img_8197aa1fa64e2803c987,34.269367
img_81e540e32adf09aea696,99.901930
img_834480ba861f4a24a578,31.824469
img_83a3f9168ba59035b165,17.542333
img_842e0d58033b32b4a10b,19.276732
img_848ac1f4c86bffc1daf6,20.755393
img_863e64681f44fe8236ba,13.458706
img_864b230e74e288368cf9,37.797253
img_86fb93d74ca8531c0c80,86.654170
img_870f2acd521448fe3509,73.903950
img_8762462c3fb3e4c749bf,30.357519
img_877d7e9a42e9d135e05d,16.702914
img_8e55ae42a628704dc936,11.457113
img_8ef38481d78d5363a249,70.603681
img_8efb58266cda04101c03,94.737066
img_8f47b9bff7f66da415f8,44.888073
img_9031ad1bc3b45fe19c03,99.940329
img_912bbfe4acefa0315df5,89.916097
img_92ddeb4a8fab475458ff,10.603947
img_939531aab24c418982fc,99.045711
img_94193e1b82d0e98d344c,57.534277
img_94b145ca29bfabbe1a6c,50.026340
img_95d3e3a6751cb82c7a84,99.976836
img_95d48f014f7515f1d0c0,56.365880
img_97ad95d5cb91e0f2e367,95.611501
img_97d0b3593e8715b3f551,99.906616
img_990654515aae30d27baa,99.219556
img_99863f03fcabf04f4460,88.486129
img_9b38364f7898d6b0bdf5,87.510093
img_9bbb28dffb6f4e07d12f,99.993585
img_9bf1a3c0740610669622,99.949444
img_9c9b60d777cedb9c84a1,47.312129
img_9d2de96b15e2228908de,87.300431
img_9d61c7e0176f9b657a17,14.453972
img_9db53f9be2884a00c67e,52.324353
img_9e460f499e856c5845c9,86.072932
img_9e8daeeb042d13ebcc2b,82.916562
img_9e981311d56bb0d2a6f3,88.306509
img_9f527f010d1fb4217b82,61.215485
img_9f6328237d710f4b73d1,99.907845
img_9f820cb9169b023bab75,97.247718
img_9f875fd7dca3b01bc642,10.851805
img_9fd694ff7fc9dd1bafaf,39.805135
img_a01543258ae7eda230c9,68.367728
img_a1fe5f143b749b8b7b55,99.673006
img_a2e7f3783991deb3ce43,8.707976
img_a41c5ee8fa74f21ae2d7,48.195682
img_a43a53d063f9a6e17023,99.983274
img_a4df81dfadc84dd86e12,45.349729
img_a538b6a944982f180aeb,84.045040
img_a5f33b1d8002d2c87c2a,32.284371
img_a6476c0c77f95109d082,82.215886
img_a6887a1f51f2a973383e,19.649924
img_a6a22fa01b040f8f8f2e,9.594990
img_a764dbc4985db1d4edd0,92.810859
img_a78d864c8495a8e88a94,26.896821
img_a7e56a1ec260abf5d672,11.734054
img_aa1320a5cc6ed4da92bb,34.089901
img_ac308fa2f235addb6621,99.609644
img_ac966d82ae27c8ff5c27,18.181574
img_acb7a05a471bf607ef86,96.064265
img_ae7a339392c9d0e485b8,99.996732
img_ae99242117fcff92e797,52.801954
img_af0714271b36a88ca9dd,9.647425
img_af6fb4f84f625804a129,83.888711
img_b0c91e9f0a6483cf4de9,68.582904
img_b0e4e6657ea401eec269,80.748638
img_b11340de4abb5b2bed29,65.948908
img_b221c6a3ca2fe72389b1,69.236624
img_b2a5cf5c70038b7f77d6,89.204595
img_b36085c870fa4962408b,17.756487
img_b3d704f8694d4461085e,67.253437
img_b46842c43ad68756d410,7.233630
img_b5b7edd2510726c371fd,46.453622
img_b5f6f7e060053938f29e,99.964258
img_b6397d0b41e9767121d8,9.539505
img_b7bf59d6bb4647f4a100,13.898412
img_b9dd78da3b32d720255a,14.110353
img_b9f0ac445cf21520100d,9.331661
img_ba20a8078e3541f89dc0,1.967032
img_bde12e7d4fd7031d1b57,62.379904
img_bf9e4d0c3763a8b6dcb7,87.678233
img_c041d21a7961f5e46766,86.326544
img_c0e895238a8c90df0446,99.910843
img_c1a8f5adeec240aafa02,79.925174
img_c1f094c47c9b4dbb1988,81.346871
img_c24cb4f594d408d5d427,63.492826
img_c2a85ca79367fa262d67,78.670963
img_c2be9b0985f19186cb74,87.310275
img_c2cd062dd47c85e42138,95.072288
img_c32d86edb8ac505eac10,12.641232
img_c501117c1f22354a81a4,20.752301
img_c536d8af3b0d670329cf,36.594537
img_c54cda6cc66eff4cb562,3.163964
img_c5e2dc2e81066d94d037,13.241029
img_cb5960594c47a2fc3a7e,99.791214
img_cb82842797616667927a,99.993718
img_cc0a1cfe81181fe62019,82.767949
img_cc0fd6e627513ba5ece9,45.402611
img_cd3b7bfe16aae9e7b963,24.524893
img_ce26faab58348bbc1013,98.366025
img_d149df28c435fd6e6774,13.308374
img_d2454710d5884b1a3923,77.357541
img_d4ddf054904795a0171c,87.703428
img_d519b077c8fb474154d6,9.398992
img_d66f0f0ffcb53984c3a0,12.038569
img_d7bd2b208385a949044a,75.035660
img_d87be48790e02b12966b,8.155606
img_d92c09eeed4308dbabca,10.009693
img_d9eb5f671d7978c28cb0,61.431361
img_dc5c387a5175fb36fa68,2.356911
img_dd7aa1d3ecef25398216,99.903536
img_dddca235d6a330ef93e0,82.427404
img_de577bdc05577d66a9af,99.942190
img_de8be171ad238168303a,7.922053
img_e10ab0353b6178cc8a10,11.356930
img_e14a8cf4701c4be7b674,82.856391
img_e1519f159694a8ef697d,95.340464
img_e2060b45318a06b314ba,23.096098
img_e270b3294be3fbfcfd43,99.925937
img_e3025e54939851651fb1,14.307291
img_e5568c3108e03d117999,11.455370
img_e7b5bb1781aa1224fbeb,6.973706
img_e7c0e33efb862ae6e229,79.648267
img_e896f3842755f5775045,5.144494
img_e9223a085e76ea2ab8eb,22.050814
img_ebb1eedd7096657b351f,83.230123
img_ec2a67982890f00aef5a,80.353013
img_ed150f00ba969d6fb617,11.706323
img_ee4f92aa6bde6d9b0177,86.460417
img_ef1286fb30a0fea7d028,86.786884
img_f368dc894e5a9377f5ae,73.288357
img_f3881918839ef9357e17,45.433835
img_f44f09b8c0eb88c4b057,99.977341
img_f5d2df463955e742c409,19.807069
img_f65c5b6fa831ca60f87c,21.823243
img_f703c2aa038d6a8caf4c,97.297950
img_f7525ab4bc9101870919,10.796332
img_f796f062cec2399251c3,13.919308
img_f7b6a923452b1282af20,99.942259
img_f86aeb0323adf8323117,29.742583
img_f9e44744348073320ed1,18.111874
img_fb388b167fa2df90e0c9,6.107817
img_fb801faf868dc80fb19d,51.177989
img_fb93400c7f959eca568a,83.445870
img_fcea7373d3aa4cf51068,95.129211
img_fd8311a103ce4416e23e,19.585910
img_fde738abc890c70c8b44,78.494611
img_fe5d0d0287ab3e9c62a7,49.139016
img_fea0b33a8256a2a5c38c,26.719444
img_feb7356b22304f39e958,54.449583
img_ff3b69dc6a9e38f15880,26.469480
img_ff84bc66e56cceb22cd3,94.087694
img_ffc680acbd18889b6d3d,98.753495
